{
  "6283834202329@s.whatsapp.net": [
    {
      "name": "Kokuwamon",
      "level": "Rookie",
      "img": "https://digimon.shadowsmith.com/img/kokuwamon.jpg"
    },
    {
      "name": "WaruMonzaemon",
      "level": "Ultimate",
      "img": "https://digimon.shadowsmith.com/img/warumonzaemon.jpg"
    },
    {
      "name": "Digitamamon",
      "level": "Ultimate",
      "img": "https://digimon.shadowsmith.com/img/digitamamon.jpg"
    }
  ],
  "6281241462583@s.whatsapp.net": [
    {
      "name": "Mamemon",
      "level": "Ultimate",
      "img": "https://digimon.shadowsmith.com/img/mamemon.jpg"
    },
    {
      "name": "Andromon",
      "level": "Ultimate",
      "img": "https://digimon.shadowsmith.com/img/andromon.jpg"
    }
  ]
}