{
  "6283834202329@s.whatsapp.net": [
    {
      "name": "Latias",
      "rarity": "Umum",
      "moves": "cut, fly, body-slam, take-down",
      "items": "Tidak ada item yang dipegang",
      "types": "dragon, psychic"
    },
    {
      "name": "Kabutops",
      "rarity": "Umum",
      "moves": "scratch, razor-wind, swords-dance, cut",
      "items": "Tidak ada item yang dipegang",
      "types": "rock, water"
    },
    {
      "name": "Aron",
      "rarity": "Umum",
      "moves": "cut, stomp, headbutt, tackle",
      "items": "hard-stone",
      "types": "steel, rock"
    },
    {
      "name": "Nickit",
      "rarity": "Umum",
      "moves": "tail-whip, dig, agility, quick-attack",
      "items": "Tidak ada item yang dipegang",
      "types": "dark"
    },
    {
      "name": "Aggron",
      "rarity": "Langka",
      "moves": "mega-punch, fire-punch, ice-punch, thunder-punch",
      "items": "hard-stone",
      "types": "steel, rock"
    },
    {
      "name": "Vileplume",
      "rarity": "Umum",
      "moves": "swords-dance, cut, headbutt, body-slam",
      "items": "absorb-bulb",
      "types": "grass, poison"
    },
    {
      "name": "Palpitoad",
      "rarity": "Umum",
      "moves": "growl, supersonic, acid, hydro-pump",
      "items": "pecha-berry, persim-berry",
      "types": "water, ground"
    }
  ],
  "6281241462583@s.whatsapp.net": [
    {
      "name": "Crawdaunt",
      "rarity": "Umum",
      "moves": "vice-grip, guillotine, swords-dance, cut",
      "items": "Tidak ada item yang dipegang",
      "types": "water, dark"
    },
    {
      "name": "Bonsly",
      "rarity": "Umum",
      "moves": "slam, headbutt, body-slam, take-down",
      "items": "Tidak ada item yang dipegang",
      "types": "rock"
    }
  ],
  "62895619447626@s.whatsapp.net": [
    {
      "name": "Persian",
      "rarity": "Umum",
      "moves": "pay-day, scratch, cut, headbutt",
      "items": "quick-claw",
      "types": "normal"
    }
  ]
}